{"stats":{"minecraft:killed":{"minecraft:wandering_trader":1,"minecraft:trader_llama":2},"minecraft:picked_up":{"minecraft:bee_nest":2,"minecraft:lead":2,"minecraft:oak_sign":1,"minecraft:redstone_torch":1,"minecraft:jungle_sapling":1,"minecraft:poppy":1,"minecraft:melon_slice":6,"minecraft:egg":1,"minecraft:beehive":1,"minecraft:stick":24,"minecraft:oak_fence":1,"minecraft:flowering_azalea_leaves":40,"minecraft:stone_button":21,"minecraft:redstone":21,"minecraft:mushroom_stem":40,"minecraft:stone_pressure_plate":2,"minecraft:black_banner":10,"minecraft:rail":6,"minecraft:tripwire_hook":13,"minecraft:leather":1,"minecraft:red_mushroom_block":44,"minecraft:lantern":1,"minecraft:apple":2,"minecraft:wheat_seeds":15,"minecraft:spore_blossom":14,"minecraft:bamboo":3,"minecraft:pumpkin":47,"minecraft:melon":37,"minecraft:brown_mushroom_block":40,"minecraft:lily_of_the_valley":3,"minecraft:dried_kelp_block":43,"minecraft:polished_blackstone_button":14,"minecraft:spruce_button":2,"minecraft:oak_button":3,"minecraft:oak_sapling":20},"minecraft:dropped":{"minecraft:spore_blossom":2,"minecraft:oak_fence":1,"minecraft:dried_kelp_block":14,"minecraft:melon":8,"minecraft:pumpkin":17,"minecraft:brown_mushroom_block":11,"minecraft:mushroom_stem":11,"minecraft:red_mushroom_block":15,"minecraft:flowering_azalea_leaves":11},"minecraft:custom":{"minecraft:mob_kills":3,"minecraft:open_barrel":4,"minecraft:leave_game":20,"minecraft:time_since_death":2143613,"minecraft:sprint_one_cm":1227878,"minecraft:walk_one_cm":1425576,"minecraft:drop":90,"minecraft:play_time":2143613,"minecraft:sneak_time":50847,"minecraft:walk_under_water_one_cm":237,"minecraft:jump":1505,"minecraft:walk_on_water_one_cm":4387,"minecraft:total_world_time":2727973,"minecraft:time_since_rest":2143613,"minecraft:trigger_trapped_chest":2,"minecraft:damage_dealt":580,"minecraft:fly_one_cm":4601291,"minecraft:open_chest":3,"minecraft:crouch_one_cm":80034,"minecraft:interact_with_smoker":1},"minecraft:used":{"minecraft:oak_fence":25,"minecraft:moss_block":4,"minecraft:oak_trapdoor":4,"minecraft:nether_brick_fence":6,"minecraft:moss_carpet":9,"minecraft:netherite_sword":8,"minecraft:jungle_leaves":286,"minecraft:orange_concrete":2,"minecraft:dead_bush":8,"minecraft:melon":140,"minecraft:smooth_quartz_slab":52,"minecraft:spruce_slab":200,"minecraft:redstone":83,"minecraft:poppy":35,"minecraft:oak_sign":15,"minecraft:black_carpet":1,"minecraft:chest":33,"minecraft:stone":9,"minecraft:stripped_birch_wood":62,"minecraft:grass":61,"minecraft:stone_hoe":13,"minecraft:dried_kelp_block":136,"minecraft:cut_copper_stairs":2,"minecraft:debug_stick":22,"minecraft:spruce_leaves":8,"minecraft:bee_spawn_egg":5,"minecraft:dirt":180,"minecraft:warped_wart_block":1,"minecraft:lily_of_the_valley":6,"minecraft:brick_slab":18,"minecraft:spruce_stairs":17,"minecraft:cobblestone_wall":2,"minecraft:bee_nest":4,"minecraft:spruce_fence":29,"minecraft:beehive":186,"minecraft:stripped_spruce_log":2,"minecraft:polished_diorite":27,"minecraft:fern":6,"minecraft:shroomlight":1,"minecraft:stone_brick_slab":51,"minecraft:dark_oak_planks":2,"minecraft:sea_lantern":21,"minecraft:bricks":11,"minecraft:blue_orchid":1,"minecraft:quartz_slab":246,"minecraft:lantern":4,"minecraft:grass_block":1916,"minecraft:oak_stairs":52,"minecraft:rooted_dirt":7,"minecraft:spruce_button":3,"minecraft:smooth_sandstone":9,"minecraft:polished_andesite_stairs":1,"minecraft:netherite_hoe":12,"minecraft:dark_oak_slab":2,"minecraft:dark_oak_button":2,"minecraft:stone_brick_stairs":154,"minecraft:barrel":34,"minecraft:stone_bricks":1589,"minecraft:bamboo":9,"minecraft:tripwire_hook":46,"minecraft:repeater":18,"minecraft:honeycomb_block":1,"minecraft:lime_concrete":2,"minecraft:waxed_cut_copper_slab":13,"minecraft:tall_grass":69,"minecraft:iron_trapdoor":2,"minecraft:oak_sapling":971,"minecraft:podzol":8,"minecraft:beetroot_seeds":24,"minecraft:trapped_chest":3,"minecraft:stone_pressure_plate":8,"minecraft:seagrass":3,"minecraft:pumpkin":114,"minecraft:quartz_bricks":231,"minecraft:wheat_seeds":3,"minecraft:dark_oak_stairs":12,"minecraft:water_bucket":52,"minecraft:tube_coral_fan":1,"minecraft:amethyst_block":1,"minecraft:cobblestone_stairs":13,"minecraft:dirt_path":186,"minecraft:spruce_door":7,"minecraft:stripped_birch_log":284,"minecraft:birch_leaves":4,"minecraft:glass_bottle":1,"minecraft:acacia_trapdoor":1,"minecraft:polished_andesite":1,"minecraft:andesite_slab":14,"minecraft:sandstone":1,"minecraft:red_mushroom_block":158,"minecraft:composter":21,"minecraft:spruce_sign":2,"minecraft:cauldron":10,"minecraft:parrot_spawn_egg":3,"minecraft:spruce_fence_gate":5,"minecraft:cobblestone_slab":625,"minecraft:cracked_stone_bricks":14,"minecraft:large_amethyst_bud":1,"minecraft:oak_leaves":294,"minecraft:rail":14,"minecraft:light_blue_concrete":2,"minecraft:black_banner":34,"minecraft:crossbow":36,"minecraft:acacia_leaves":1,"minecraft:campfire":15,"minecraft:dark_oak_fence_gate":4,"minecraft:dripstone_block":4,"minecraft:stone_brick_wall":48,"minecraft:infested_stone_bricks":118,"minecraft:smoker":5,"minecraft:spruce_log":128,"minecraft:mushroom_stem":134,"minecraft:small_amethyst_bud":4,"minecraft:redstone_torch":10,"minecraft:oak_log":8,"minecraft:sticky_piston":33,"minecraft:lever":3,"minecraft:flower_pot":20,"minecraft:black_concrete":3,"minecraft:black_wool":4,"minecraft:command_block":90,"minecraft:sunflower":1,"minecraft:barrier":116,"minecraft:oak_button":8,"minecraft:string":6,"minecraft:stone_button":87,"minecraft:spruce_pressure_plate":1,"minecraft:spore_blossom":29,"minecraft:magenta_concrete":2,"minecraft:stone_slab":44,"minecraft:spruce_trapdoor":459,"minecraft:deepslate":48,"minecraft:gravel":66,"minecraft:flowering_azalea_leaves":148,"minecraft:lilac":1,"minecraft:acacia_fence_gate":1,"minecraft:dead_horn_coral":1,"minecraft:cobblestone":761,"minecraft:azalea_leaves":42,"minecraft:stripped_oak_wood":7,"minecraft:medium_amethyst_bud":4,"minecraft:andesite":87,"minecraft:chain_command_block":11,"minecraft:bucket":11,"minecraft:chain":12,"minecraft:smooth_stone_slab":44,"minecraft:polished_blackstone_button":27,"minecraft:waxed_cut_copper_stairs":1,"minecraft:stripped_oak_log":1,"minecraft:white_concrete":1,"minecraft:coarse_dirt":329,"minecraft:dandelion":20,"minecraft:bone_meal":384,"minecraft:smooth_stone":403,"minecraft:brown_mushroom_block":140,"minecraft:jukebox":3,"minecraft:splash_potion":7}},"DataVersion":2865}